{
  "program": "p4src/ecmp.p4",
  "switch": "simple_switch",
  "compiler": "p4c",
  "options": "--target bmv2 --arch v1model --std p4-16",
  "switch_cli": "simple_switch_CLI",
  "cli": true,
  "pcap_dump": true,
  "enable_log": true,
    "topo_module": {
    "file_path": "",
    "module_name": "p4utils.mininetlib.apptopo",
    "object_name": "AppTopoStrategies"
  },
  "controller_module": null,
  "topodb_module": {
    "file_path": "",
    "module_name": "p4utils.utils.topology",
    "object_name": "Topology"
  },
  "mininet_module": {
    "file_path": "",
    "module_name": "p4utils.mininetlib.p4net",
    "object_name": "P4Mininet"
  },
  "topology": {
    "assignment_strategy": "mixed",
    "links": [["h1", "s1"], ["h2", "s6"], ["s1", "s2"], ["s1", "s3"], ["s1", "s4"], ["s1", "s5"], ["s2", "s6"], ["s3", "s6"], ["s4", "s6"], ["s5", "s6"]],
    "hosts": {
      "h1": {
      },
      "h2": {
      }
    },
    "switches": {
      "s1": {
        "cli_input": "s1-commands.txt","thrift_port":9090
      },
      "s2": {
        "cli_input": "s2-commands.txt"
      },
      "s3": {
        "cli_input": "s3-commands.txt"
      },
      "s4": {
        "cli_input": "s4-commands.txt"
      },
      "s5": {
        "cli_input": "s5-commands.txt"
      },
      "s6": {
        "cli_input": "s6-commands.txt","thrift_port":9095
      }
    }
  }
}
