{
  "header_types" : [
    {
      "name" : "scalars_0",
      "id" : 0,
      "fields" : []
    },
    {
      "name" : "standard_metadata",
      "id" : 1,
      "fields" : [
        ["ingress_port", 9, false],
        ["egress_spec", 9, false],
        ["egress_port", 9, false],
        ["instance_type", 32, false],
        ["packet_length", 32, false],
        ["enq_timestamp", 32, false],
        ["enq_qdepth", 19, false],
        ["deq_timedelta", 32, false],
        ["deq_qdepth", 19, false],
        ["ingress_global_timestamp", 48, false],
        ["egress_global_timestamp", 48, false],
        ["mcast_grp", 16, false],
        ["egress_rid", 16, false],
        ["checksum_error", 1, false],
        ["parser_error", 32, false],
        ["priority", 3, false],
        ["_padding", 3, false]
      ]
    }
  ],
  "headers" : [
    {
      "name" : "scalars",
      "id" : 0,
      "header_type" : "scalars_0",
      "metadata" : true,
      "pi_omit" : true
    },
    {
      "name" : "standard_metadata",
      "id" : 1,
      "header_type" : "standard_metadata",
      "metadata" : true,
      "pi_omit" : true
    }
  ],
  "header_stacks" : [],
  "header_union_types" : [],
  "header_unions" : [],
  "header_union_stacks" : [],
  "field_lists" : [],
  "errors" : [
    ["NoError", 1],
    ["PacketTooShort", 2],
    ["NoMatch", 3],
    ["StackOutOfBounds", 4],
    ["HeaderTooShort", 5],
    ["ParserTimeout", 6],
    ["ParserInvalidArgument", 7]
  ],
  "enums" : [],
  "parsers" : [
    {
      "name" : "parser",
      "id" : 0,
      "init_state" : "start",
      "parse_states" : [
        {
          "name" : "start",
          "id" : 0,
          "parser_ops" : [],
          "transitions" : [
            {
              "value" : "default",
              "mask" : null,
              "next_state" : null
            }
          ],
          "transition_key" : []
        }
      ]
    }
  ],
  "parse_vsets" : [],
  "deparsers" : [
    {
      "name" : "deparser",
      "id" : 0,
      "source_info" : {
        "filename" : "repeater.p4",
        "line" : 99,
        "column" : 8,
        "source_fragment" : "MyDeparser"
      },
      "order" : []
    }
  ],
  "meter_arrays" : [],
  "counter_arrays" : [],
  "register_arrays" : [],
  "calculations" : [],
  "learn_lists" : [],
  "actions" : [
    {
      "name" : "NoAction",
      "id" : 0,
      "runtime_data" : [],
      "primitives" : []
    },
    {
      "name" : "MyIngress.set_egress_port",
      "id" : 1,
      "runtime_data" : [
        {
          "name" : "port",
          "bitwidth" : 9
        }
      ],
      "primitives" : [
        {
          "op" : "assign",
          "parameters" : [
            {
              "type" : "field",
              "value" : ["standard_metadata", "egress_spec"]
            },
            {
              "type" : "runtime_data",
              "value" : 0
            }
          ],
          "source_info" : {
            "filename" : "repeater.p4",
            "line" : 47,
            "column" : 7,
            "source_fragment" : "standard_metadata.egress_spec = port"
          }
        }
      ]
    }
  ],
  "pipelines" : [
    {
      "name" : "ingress",
      "id" : 0,
      "source_info" : {
        "filename" : "repeater.p4",
        "line" : 41,
        "column" : 8,
        "source_fragment" : "MyIngress"
      },
      "init_table" : "MyIngress.forward",
      "tables" : [
        {
          "name" : "MyIngress.forward",
          "id" : 0,
          "source_info" : {
            "filename" : "repeater.p4",
            "line" : 51,
            "column" : 10,
            "source_fragment" : "forward"
          },
          "key" : [
            {
              "match_type" : "exact",
              "name" : "standard_metadata.ingress_port",
              "target" : ["standard_metadata", "ingress_port"],
              "mask" : null
            }
          ],
          "match_type" : "exact",
          "type" : "simple",
          "max_size" : 2,
          "with_counters" : false,
          "support_timeout" : false,
          "direct_meters" : null,
          "action_ids" : [1, 0],
          "actions" : ["MyIngress.set_egress_port", "NoAction"],
          "base_default_next" : null,
          "next_tables" : {
            "MyIngress.set_egress_port" : null,
            "NoAction" : null
          },
          "default_entry" : {
            "action_id" : 0,
            "action_const" : false,
            "action_data" : [],
            "action_entry_const" : false
          }
        }
      ],
      "action_profiles" : [],
      "conditionals" : []
    },
    {
      "name" : "egress",
      "id" : 1,
      "source_info" : {
        "filename" : "repeater.p4",
        "line" : 81,
        "column" : 8,
        "source_fragment" : "MyEgress"
      },
      "init_table" : null,
      "tables" : [],
      "action_profiles" : [],
      "conditionals" : []
    }
  ],
  "checksums" : [],
  "force_arith" : [],
  "extern_instances" : [],
  "field_aliases" : [
    [
      "queueing_metadata.enq_timestamp",
      ["standard_metadata", "enq_timestamp"]
    ],
    [
      "queueing_metadata.enq_qdepth",
      ["standard_metadata", "enq_qdepth"]
    ],
    [
      "queueing_metadata.deq_timedelta",
      ["standard_metadata", "deq_timedelta"]
    ],
    [
      "queueing_metadata.deq_qdepth",
      ["standard_metadata", "deq_qdepth"]
    ],
    [
      "intrinsic_metadata.ingress_global_timestamp",
      ["standard_metadata", "ingress_global_timestamp"]
    ],
    [
      "intrinsic_metadata.egress_global_timestamp",
      ["standard_metadata", "egress_global_timestamp"]
    ],
    [
      "intrinsic_metadata.mcast_grp",
      ["standard_metadata", "mcast_grp"]
    ],
    [
      "intrinsic_metadata.egress_rid",
      ["standard_metadata", "egress_rid"]
    ],
    [
      "intrinsic_metadata.priority",
      ["standard_metadata", "priority"]
    ]
  ],
  "program" : "/home/p4/p4-tools/ACN-CS5060/p4-learning/exercises/02-Repeater/repeater.p4i",
  "__meta__" : {
    "version" : [2, 18],
    "compiler" : "https://github.com/p4lang/p4c"
  }
}