{
  "header_types" : [
    {
      "name" : "scalars_0",
      "id" : 0,
      "fields" : [
        ["tmp", 32, false],
        ["tmp_0", 32, false],
        ["tmp_1", 32, false],
        ["counter_value_0", 32, false],
        ["tmp_2", 32, false],
        ["tmp_3", 32, false],
        ["tmp_4", 32, false],
        ["counter_value_1", 32, false]
      ]
    },
    {
      "name" : "standard_metadata",
      "id" : 1,
      "fields" : [
        ["ingress_port", 9, false],
        ["egress_spec", 9, false],
        ["egress_port", 9, false],
        ["instance_type", 32, false],
        ["packet_length", 32, false],
        ["enq_timestamp", 32, false],
        ["enq_qdepth", 19, false],
        ["deq_timedelta", 32, false],
        ["deq_qdepth", 19, false],
        ["ingress_global_timestamp", 48, false],
        ["egress_global_timestamp", 48, false],
        ["mcast_grp", 16, false],
        ["egress_rid", 16, false],
        ["checksum_error", 1, false],
        ["parser_error", 32, false],
        ["priority", 3, false],
        ["_padding", 3, false]
      ]
    },
    {
      "name" : "ethernet_t",
      "id" : 2,
      "fields" : [
        ["dstAddr", 48, false],
        ["srcAddr", 48, false],
        ["etherType", 16, false]
      ]
    }
  ],
  "headers" : [
    {
      "name" : "scalars",
      "id" : 0,
      "header_type" : "scalars_0",
      "metadata" : true,
      "pi_omit" : true
    },
    {
      "name" : "standard_metadata",
      "id" : 1,
      "header_type" : "standard_metadata",
      "metadata" : true,
      "pi_omit" : true
    },
    {
      "name" : "ethernet",
      "id" : 2,
      "header_type" : "ethernet_t",
      "metadata" : false,
      "pi_omit" : true
    }
  ],
  "header_stacks" : [],
  "header_union_types" : [],
  "header_unions" : [],
  "header_union_stacks" : [],
  "field_lists" : [],
  "errors" : [
    ["NoError", 1],
    ["PacketTooShort", 2],
    ["NoMatch", 3],
    ["StackOutOfBounds", 4],
    ["HeaderTooShort", 5],
    ["ParserTimeout", 6],
    ["ParserInvalidArgument", 7]
  ],
  "enums" : [],
  "parsers" : [
    {
      "name" : "parser",
      "id" : 0,
      "init_state" : "start",
      "parse_states" : [
        {
          "name" : "start",
          "id" : 0,
          "parser_ops" : [
            {
              "parameters" : [
                {
                  "type" : "regular",
                  "value" : "ethernet"
                }
              ],
              "op" : "extract"
            }
          ],
          "transitions" : [
            {
              "value" : "default",
              "mask" : null,
              "next_state" : null
            }
          ],
          "transition_key" : []
        }
      ]
    }
  ],
  "parse_vsets" : [],
  "deparsers" : [
    {
      "name" : "deparser",
      "id" : 0,
      "source_info" : {
        "filename" : "p4src/l2_basic_forwarding.p4",
        "line" : 137,
        "column" : 8,
        "source_fragment" : "MyDeparser"
      },
      "order" : ["ethernet"]
    }
  ],
  "meter_arrays" : [],
  "counter_arrays" : [],
  "register_arrays" : [
    {
      "name" : "MyIngress.Rx_counter",
      "id" : 0,
      "source_info" : {
        "filename" : "p4src/l2_basic_forwarding.p4",
        "line" : 58,
        "column" : 21,
        "source_fragment" : "Rx_counter"
      },
      "size" : 4,
      "bitwidth" : 32
    },
    {
      "name" : "MyEgress.Tx_counter",
      "id" : 1,
      "source_info" : {
        "filename" : "p4src/l2_basic_forwarding.p4",
        "line" : 108,
        "column" : 25,
        "source_fragment" : "Tx_counter"
      },
      "size" : 4,
      "bitwidth" : 32
    }
  ],
  "calculations" : [],
  "learn_lists" : [],
  "actions" : [
    {
      "name" : "NoAction",
      "id" : 0,
      "runtime_data" : [],
      "primitives" : []
    },
    {
      "name" : "MyIngress.drop",
      "id" : 1,
      "runtime_data" : [],
      "primitives" : [
        {
          "op" : "mark_to_drop",
          "parameters" : [
            {
              "type" : "header",
              "value" : "standard_metadata"
            }
          ],
          "source_info" : {
            "filename" : "p4src/l2_basic_forwarding.p4",
            "line" : 62,
            "column" : 8,
            "source_fragment" : "mark_to_drop(standard_metadata)"
          }
        }
      ]
    },
    {
      "name" : "MyIngress.increment_rx_counter",
      "id" : 2,
      "runtime_data" : [],
      "primitives" : [
        {
          "op" : "assign",
          "parameters" : [
            {
              "type" : "field",
              "value" : ["scalars", "tmp"]
            },
            {
              "type" : "expression",
              "value" : {
                "type" : "expression",
                "value" : {
                  "op" : "&",
                  "left" : {
                    "type" : "field",
                    "value" : ["standard_metadata", "ingress_port"]
                  },
                  "right" : {
                    "type" : "hexstr",
                    "value" : "0xffffffff"
                  }
                }
              }
            }
          ],
          "source_info" : {
            "filename" : "p4src/l2_basic_forwarding.p4",
            "line" : 66,
            "column" : 39,
            "source_fragment" : "(bit<32>)port"
          }
        },
        {
          "op" : "register_read",
          "parameters" : [
            {
              "type" : "field",
              "value" : ["scalars", "counter_value_0"]
            },
            {
              "type" : "register_array",
              "value" : "MyIngress.Rx_counter"
            },
            {
              "type" : "field",
              "value" : ["scalars", "tmp"]
            }
          ],
          "source_info" : {
            "filename" : "p4src/l2_basic_forwarding.p4",
            "line" : 66,
            "column" : 8,
            "source_fragment" : "Rx_counter.read(counter_value, (bit<32>)port)"
          }
        },
        {
          "op" : "assign",
          "parameters" : [
            {
              "type" : "field",
              "value" : ["scalars", "tmp_0"]
            },
            {
              "type" : "expression",
              "value" : {
                "type" : "expression",
                "value" : {
                  "op" : "&",
                  "left" : {
                    "type" : "field",
                    "value" : ["standard_metadata", "ingress_port"]
                  },
                  "right" : {
                    "type" : "hexstr",
                    "value" : "0xffffffff"
                  }
                }
              }
            }
          ],
          "source_info" : {
            "filename" : "p4src/l2_basic_forwarding.p4",
            "line" : 67,
            "column" : 25,
            "source_fragment" : "(bit<32>)port"
          }
        },
        {
          "op" : "assign",
          "parameters" : [
            {
              "type" : "field",
              "value" : ["scalars", "tmp_1"]
            },
            {
              "type" : "expression",
              "value" : {
                "type" : "expression",
                "value" : {
                  "op" : "&",
                  "left" : {
                    "type" : "expression",
                    "value" : {
                      "op" : "+",
                      "left" : {
                        "type" : "field",
                        "value" : ["scalars", "counter_value_0"]
                      },
                      "right" : {
                        "type" : "hexstr",
                        "value" : "0x00000001"
                      }
                    }
                  },
                  "right" : {
                    "type" : "hexstr",
                    "value" : "0xffffffff"
                  }
                }
              }
            }
          ],
          "source_info" : {
            "filename" : "p4src/l2_basic_forwarding.p4",
            "line" : 67,
            "column" : 40,
            "source_fragment" : "counter_value + 1"
          }
        },
        {
          "op" : "register_write",
          "parameters" : [
            {
              "type" : "register_array",
              "value" : "MyIngress.Rx_counter"
            },
            {
              "type" : "field",
              "value" : ["scalars", "tmp_0"]
            },
            {
              "type" : "field",
              "value" : ["scalars", "tmp_1"]
            }
          ],
          "source_info" : {
            "filename" : "p4src/l2_basic_forwarding.p4",
            "line" : 67,
            "column" : 8,
            "source_fragment" : "Rx_counter.write((bit<32>)port, counter_value + 1)"
          }
        }
      ]
    },
    {
      "name" : "MyIngress.forward",
      "id" : 3,
      "runtime_data" : [
        {
          "name" : "port",
          "bitwidth" : 9
        }
      ],
      "primitives" : [
        {
          "op" : "assign",
          "parameters" : [
            {
              "type" : "field",
              "value" : ["standard_metadata", "egress_spec"]
            },
            {
              "type" : "runtime_data",
              "value" : 0
            }
          ],
          "source_info" : {
            "filename" : "p4src/l2_basic_forwarding.p4",
            "line" : 75,
            "column" : 9,
            "source_fragment" : "standard_metadata.egress_spec = port"
          }
        }
      ]
    },
    {
      "name" : "MyEgress.increment_tx_counter",
      "id" : 4,
      "runtime_data" : [],
      "primitives" : [
        {
          "op" : "assign",
          "parameters" : [
            {
              "type" : "field",
              "value" : ["scalars", "tmp_2"]
            },
            {
              "type" : "expression",
              "value" : {
                "type" : "expression",
                "value" : {
                  "op" : "&",
                  "left" : {
                    "type" : "field",
                    "value" : ["standard_metadata", "egress_spec"]
                  },
                  "right" : {
                    "type" : "hexstr",
                    "value" : "0xffffffff"
                  }
                }
              }
            }
          ],
          "source_info" : {
            "filename" : "p4src/l2_basic_forwarding.p4",
            "line" : 112,
            "column" : 39,
            "source_fragment" : "(bit<32>)port"
          }
        },
        {
          "op" : "register_read",
          "parameters" : [
            {
              "type" : "field",
              "value" : ["scalars", "counter_value_1"]
            },
            {
              "type" : "register_array",
              "value" : "MyEgress.Tx_counter"
            },
            {
              "type" : "field",
              "value" : ["scalars", "tmp_2"]
            }
          ],
          "source_info" : {
            "filename" : "p4src/l2_basic_forwarding.p4",
            "line" : 112,
            "column" : 8,
            "source_fragment" : "Tx_counter.read(counter_value, (bit<32>)port)"
          }
        },
        {
          "op" : "assign",
          "parameters" : [
            {
              "type" : "field",
              "value" : ["scalars", "tmp_3"]
            },
            {
              "type" : "expression",
              "value" : {
                "type" : "expression",
                "value" : {
                  "op" : "&",
                  "left" : {
                    "type" : "field",
                    "value" : ["standard_metadata", "egress_spec"]
                  },
                  "right" : {
                    "type" : "hexstr",
                    "value" : "0xffffffff"
                  }
                }
              }
            }
          ],
          "source_info" : {
            "filename" : "p4src/l2_basic_forwarding.p4",
            "line" : 113,
            "column" : 25,
            "source_fragment" : "(bit<32>)port"
          }
        },
        {
          "op" : "assign",
          "parameters" : [
            {
              "type" : "field",
              "value" : ["scalars", "tmp_4"]
            },
            {
              "type" : "expression",
              "value" : {
                "type" : "expression",
                "value" : {
                  "op" : "&",
                  "left" : {
                    "type" : "expression",
                    "value" : {
                      "op" : "+",
                      "left" : {
                        "type" : "field",
                        "value" : ["scalars", "counter_value_1"]
                      },
                      "right" : {
                        "type" : "hexstr",
                        "value" : "0x00000001"
                      }
                    }
                  },
                  "right" : {
                    "type" : "hexstr",
                    "value" : "0xffffffff"
                  }
                }
              }
            }
          ],
          "source_info" : {
            "filename" : "p4src/l2_basic_forwarding.p4",
            "line" : 113,
            "column" : 40,
            "source_fragment" : "counter_value + 1"
          }
        },
        {
          "op" : "register_write",
          "parameters" : [
            {
              "type" : "register_array",
              "value" : "MyEgress.Tx_counter"
            },
            {
              "type" : "field",
              "value" : ["scalars", "tmp_3"]
            },
            {
              "type" : "field",
              "value" : ["scalars", "tmp_4"]
            }
          ],
          "source_info" : {
            "filename" : "p4src/l2_basic_forwarding.p4",
            "line" : 113,
            "column" : 8,
            "source_fragment" : "Tx_counter.write((bit<32>)port, counter_value + 1)"
          }
        }
      ]
    }
  ],
  "pipelines" : [
    {
      "name" : "ingress",
      "id" : 0,
      "source_info" : {
        "filename" : "p4src/l2_basic_forwarding.p4",
        "line" : 55,
        "column" : 8,
        "source_fragment" : "MyIngress"
      },
      "init_table" : "node_2",
      "tables" : [
        {
          "name" : "MyIngress.forwarding_table",
          "id" : 0,
          "source_info" : {
            "filename" : "p4src/l2_basic_forwarding.p4",
            "line" : 78,
            "column" : 11,
            "source_fragment" : "forwarding_table"
          },
          "key" : [
            {
              "match_type" : "exact",
              "name" : "hdr.ethernet.dstAddr",
              "target" : ["ethernet", "dstAddr"],
              "mask" : null
            }
          ],
          "match_type" : "exact",
          "type" : "simple",
          "max_size" : 1024,
          "with_counters" : false,
          "support_timeout" : false,
          "direct_meters" : null,
          "action_ids" : [3, 1, 0],
          "actions" : ["MyIngress.forward", "MyIngress.drop", "NoAction"],
          "base_default_next" : "tbl_increment_rx_counter",
          "next_tables" : {
            "MyIngress.forward" : "tbl_increment_rx_counter",
            "MyIngress.drop" : "tbl_increment_rx_counter",
            "NoAction" : "tbl_increment_rx_counter"
          },
          "default_entry" : {
            "action_id" : 0,
            "action_const" : false,
            "action_data" : [],
            "action_entry_const" : false
          }
        },
        {
          "name" : "tbl_increment_rx_counter",
          "id" : 1,
          "source_info" : {
            "filename" : "p4src/l2_basic_forwarding.p4",
            "line" : 95,
            "column" : 8,
            "source_fragment" : "increment_rx_counter(standard_metadata.ingress_port)"
          },
          "key" : [],
          "match_type" : "exact",
          "type" : "simple",
          "max_size" : 1024,
          "with_counters" : false,
          "support_timeout" : false,
          "direct_meters" : null,
          "action_ids" : [2],
          "actions" : ["MyIngress.increment_rx_counter"],
          "base_default_next" : null,
          "next_tables" : {
            "MyIngress.increment_rx_counter" : null
          },
          "default_entry" : {
            "action_id" : 2,
            "action_const" : true,
            "action_data" : [],
            "action_entry_const" : true
          }
        }
      ],
      "action_profiles" : [],
      "conditionals" : [
        {
          "name" : "node_2",
          "id" : 0,
          "source_info" : {
            "filename" : "p4src/l2_basic_forwarding.p4",
            "line" : 92,
            "column" : 12,
            "source_fragment" : "hdr.ethernet.isValid()"
          },
          "expression" : {
            "type" : "expression",
            "value" : {
              "op" : "d2b",
              "left" : null,
              "right" : {
                "type" : "field",
                "value" : ["ethernet", "$valid$"]
              }
            }
          },
          "true_next" : "MyIngress.forwarding_table",
          "false_next" : "tbl_increment_rx_counter"
        }
      ]
    },
    {
      "name" : "egress",
      "id" : 1,
      "source_info" : {
        "filename" : "p4src/l2_basic_forwarding.p4",
        "line" : 104,
        "column" : 8,
        "source_fragment" : "MyEgress"
      },
      "init_table" : "tbl_increment_tx_counter",
      "tables" : [
        {
          "name" : "tbl_increment_tx_counter",
          "id" : 2,
          "source_info" : {
            "filename" : "p4src/l2_basic_forwarding.p4",
            "line" : 117,
            "column" : 8,
            "source_fragment" : "increment_tx_counter(standard_metadata.egress_spec)"
          },
          "key" : [],
          "match_type" : "exact",
          "type" : "simple",
          "max_size" : 1024,
          "with_counters" : false,
          "support_timeout" : false,
          "direct_meters" : null,
          "action_ids" : [4],
          "actions" : ["MyEgress.increment_tx_counter"],
          "base_default_next" : null,
          "next_tables" : {
            "MyEgress.increment_tx_counter" : null
          },
          "default_entry" : {
            "action_id" : 4,
            "action_const" : true,
            "action_data" : [],
            "action_entry_const" : true
          }
        }
      ],
      "action_profiles" : [],
      "conditionals" : []
    }
  ],
  "checksums" : [],
  "force_arith" : [],
  "extern_instances" : [],
  "field_aliases" : [
    [
      "queueing_metadata.enq_timestamp",
      ["standard_metadata", "enq_timestamp"]
    ],
    [
      "queueing_metadata.enq_qdepth",
      ["standard_metadata", "enq_qdepth"]
    ],
    [
      "queueing_metadata.deq_timedelta",
      ["standard_metadata", "deq_timedelta"]
    ],
    [
      "queueing_metadata.deq_qdepth",
      ["standard_metadata", "deq_qdepth"]
    ],
    [
      "intrinsic_metadata.ingress_global_timestamp",
      ["standard_metadata", "ingress_global_timestamp"]
    ],
    [
      "intrinsic_metadata.egress_global_timestamp",
      ["standard_metadata", "egress_global_timestamp"]
    ],
    [
      "intrinsic_metadata.mcast_grp",
      ["standard_metadata", "mcast_grp"]
    ],
    [
      "intrinsic_metadata.egress_rid",
      ["standard_metadata", "egress_rid"]
    ],
    [
      "intrinsic_metadata.priority",
      ["standard_metadata", "priority"]
    ]
  ],
  "program" : "/home/p4/p4-tools/ACN-CS5060/p4-learning/exercises/03-L2_Basic_forwarding/p4src/l2_basic_forwarding.p4i",
  "__meta__" : {
    "version" : [2, 18],
    "compiler" : "https://github.com/p4lang/p4c"
  }
}