{
  "header_types" : [
    {
      "name" : "scalars_0",
      "id" : 0,
      "fields" : [
        ["tmp", 32, false],
        ["tmp_0", 32, false],
        ["tmp_1", 32, false],
        ["tmp_2", 32, false],
        ["tmp_3", 32, false],
        ["tmp_4", 32, false],
        ["tx_count_0", 32, false],
        ["rx_count_0", 32, false],
        ["metadata.ecmp_hash", 14, false],
        ["metadata.ecmp_group_id", 14, false],
        ["_padding_0", 4, false]
      ]
    },
    {
      "name" : "standard_metadata",
      "id" : 1,
      "fields" : [
        ["ingress_port", 9, false],
        ["egress_spec", 9, false],
        ["egress_port", 9, false],
        ["instance_type", 32, false],
        ["packet_length", 32, false],
        ["enq_timestamp", 32, false],
        ["enq_qdepth", 19, false],
        ["deq_timedelta", 32, false],
        ["deq_qdepth", 19, false],
        ["ingress_global_timestamp", 48, false],
        ["egress_global_timestamp", 48, false],
        ["mcast_grp", 16, false],
        ["egress_rid", 16, false],
        ["checksum_error", 1, false],
        ["parser_error", 32, false],
        ["priority", 3, false],
        ["_padding", 3, false]
      ]
    },
    {
      "name" : "ethernet_t",
      "id" : 2,
      "fields" : [
        ["dstAddr", 48, false],
        ["srcAddr", 48, false],
        ["etherType", 16, false]
      ]
    },
    {
      "name" : "ipv4_t",
      "id" : 3,
      "fields" : [
        ["version", 4, false],
        ["ihl", 4, false],
        ["dscp", 6, false],
        ["ecn", 2, false],
        ["totalLen", 16, false],
        ["identification", 16, false],
        ["flags", 3, false],
        ["fragOffset", 13, false],
        ["ttl", 8, false],
        ["protocol", 8, false],
        ["hdrChecksum", 16, false],
        ["srcAddr", 32, false],
        ["dstAddr", 32, false]
      ]
    },
    {
      "name" : "tcp_t",
      "id" : 4,
      "fields" : [
        ["srcPort", 16, false],
        ["dstPort", 16, false],
        ["seqNo", 32, false],
        ["ackNo", 32, false],
        ["dataOffset", 4, false],
        ["res", 4, false],
        ["cwr", 1, false],
        ["ece", 1, false],
        ["urg", 1, false],
        ["ack", 1, false],
        ["psh", 1, false],
        ["rst", 1, false],
        ["syn", 1, false],
        ["fin", 1, false],
        ["window", 16, false],
        ["checksum", 16, false],
        ["urgentPtr", 16, false]
      ]
    }
  ],
  "headers" : [
    {
      "name" : "scalars",
      "id" : 0,
      "header_type" : "scalars_0",
      "metadata" : true,
      "pi_omit" : true
    },
    {
      "name" : "standard_metadata",
      "id" : 1,
      "header_type" : "standard_metadata",
      "metadata" : true,
      "pi_omit" : true
    },
    {
      "name" : "ethernet",
      "id" : 2,
      "header_type" : "ethernet_t",
      "metadata" : false,
      "pi_omit" : true
    },
    {
      "name" : "ipv4",
      "id" : 3,
      "header_type" : "ipv4_t",
      "metadata" : false,
      "pi_omit" : true
    },
    {
      "name" : "tcp",
      "id" : 4,
      "header_type" : "tcp_t",
      "metadata" : false,
      "pi_omit" : true
    }
  ],
  "header_stacks" : [],
  "header_union_types" : [],
  "header_unions" : [],
  "header_union_stacks" : [],
  "field_lists" : [],
  "errors" : [
    ["NoError", 1],
    ["PacketTooShort", 2],
    ["NoMatch", 3],
    ["StackOutOfBounds", 4],
    ["HeaderTooShort", 5],
    ["ParserTimeout", 6],
    ["ParserInvalidArgument", 7]
  ],
  "enums" : [],
  "parsers" : [
    {
      "name" : "parser",
      "id" : 0,
      "init_state" : "start",
      "parse_states" : [
        {
          "name" : "start",
          "id" : 0,
          "parser_ops" : [
            {
              "parameters" : [
                {
                  "type" : "regular",
                  "value" : "ethernet"
                }
              ],
              "op" : "extract"
            }
          ],
          "transitions" : [
            {
              "type" : "hexstr",
              "value" : "0x0800",
              "mask" : null,
              "next_state" : "parse_ipv4"
            },
            {
              "value" : "default",
              "mask" : null,
              "next_state" : null
            }
          ],
          "transition_key" : [
            {
              "type" : "field",
              "value" : ["ethernet", "etherType"]
            }
          ]
        },
        {
          "name" : "parse_ipv4",
          "id" : 1,
          "parser_ops" : [
            {
              "parameters" : [
                {
                  "type" : "regular",
                  "value" : "ipv4"
                }
              ],
              "op" : "extract"
            }
          ],
          "transitions" : [
            {
              "type" : "hexstr",
              "value" : "0x06",
              "mask" : null,
              "next_state" : "parse_tcp"
            },
            {
              "value" : "default",
              "mask" : null,
              "next_state" : null
            }
          ],
          "transition_key" : [
            {
              "type" : "field",
              "value" : ["ipv4", "protocol"]
            }
          ]
        },
        {
          "name" : "parse_tcp",
          "id" : 2,
          "parser_ops" : [
            {
              "parameters" : [
                {
                  "type" : "regular",
                  "value" : "tcp"
                }
              ],
              "op" : "extract"
            }
          ],
          "transitions" : [
            {
              "value" : "default",
              "mask" : null,
              "next_state" : null
            }
          ],
          "transition_key" : []
        }
      ]
    }
  ],
  "parse_vsets" : [],
  "deparsers" : [
    {
      "name" : "deparser",
      "id" : 0,
      "source_info" : {
        "filename" : "p4src/include/parsers.p4",
        "line" : 43,
        "column" : 8,
        "source_fragment" : "MyDeparser"
      },
      "order" : ["ethernet", "ipv4", "tcp"]
    }
  ],
  "meter_arrays" : [],
  "counter_arrays" : [],
  "register_arrays" : [
    {
      "name" : "MyIngress.rx_counter",
      "id" : 0,
      "source_info" : {
        "filename" : "p4src/ecmp.p4",
        "line" : 18,
        "column" : 25,
        "source_fragment" : "rx_counter"
      },
      "size" : 6,
      "bitwidth" : 32
    },
    {
      "name" : "MyIngress.tx_counter",
      "id" : 1,
      "source_info" : {
        "filename" : "p4src/ecmp.p4",
        "line" : 19,
        "column" : 25,
        "source_fragment" : "tx_counter"
      },
      "size" : 6,
      "bitwidth" : 32
    }
  ],
  "calculations" : [
    {
      "name" : "calc",
      "id" : 0,
      "algo" : "crc16",
      "input" : [
        {
          "type" : "field",
          "value" : ["ipv4", "srcAddr"]
        },
        {
          "type" : "field",
          "value" : ["ipv4", "dstAddr"]
        },
        {
          "type" : "field",
          "value" : ["tcp", "srcPort"]
        },
        {
          "type" : "field",
          "value" : ["tcp", "dstPort"]
        },
        {
          "type" : "field",
          "value" : ["ipv4", "protocol"]
        }
      ]
    },
    {
      "name" : "calc_0",
      "id" : 1,
      "source_info" : {
        "filename" : "p4src/ecmp.p4",
        "line" : 103,
        "column" : 8,
        "source_fragment" : "update_checksum( ..."
      },
      "algo" : "csum16",
      "input" : [
        {
          "type" : "field",
          "value" : ["ipv4", "version"]
        },
        {
          "type" : "field",
          "value" : ["ipv4", "ihl"]
        },
        {
          "type" : "field",
          "value" : ["ipv4", "dscp"]
        },
        {
          "type" : "field",
          "value" : ["ipv4", "ecn"]
        },
        {
          "type" : "field",
          "value" : ["ipv4", "totalLen"]
        },
        {
          "type" : "field",
          "value" : ["ipv4", "identification"]
        },
        {
          "type" : "field",
          "value" : ["ipv4", "flags"]
        },
        {
          "type" : "field",
          "value" : ["ipv4", "fragOffset"]
        },
        {
          "type" : "field",
          "value" : ["ipv4", "ttl"]
        },
        {
          "type" : "field",
          "value" : ["ipv4", "protocol"]
        },
        {
          "type" : "field",
          "value" : ["ipv4", "srcAddr"]
        },
        {
          "type" : "field",
          "value" : ["ipv4", "dstAddr"]
        }
      ]
    }
  ],
  "learn_lists" : [],
  "actions" : [
    {
      "name" : "MyIngress.drop",
      "id" : 0,
      "runtime_data" : [],
      "primitives" : [
        {
          "op" : "mark_to_drop",
          "parameters" : [
            {
              "type" : "header",
              "value" : "standard_metadata"
            }
          ],
          "source_info" : {
            "filename" : "p4src/ecmp.p4",
            "line" : 22,
            "column" : 8,
            "source_fragment" : "mark_to_drop(standard_metadata)"
          }
        }
      ]
    },
    {
      "name" : "MyIngress.drop",
      "id" : 1,
      "runtime_data" : [],
      "primitives" : [
        {
          "op" : "mark_to_drop",
          "parameters" : [
            {
              "type" : "header",
              "value" : "standard_metadata"
            }
          ],
          "source_info" : {
            "filename" : "p4src/ecmp.p4",
            "line" : 22,
            "column" : 8,
            "source_fragment" : "mark_to_drop(standard_metadata)"
          }
        }
      ]
    },
    {
      "name" : "MyIngress.ecmp_group",
      "id" : 2,
      "runtime_data" : [
        {
          "name" : "ecmp_group_id",
          "bitwidth" : 14
        },
        {
          "name" : "num_nhops",
          "bitwidth" : 16
        }
      ],
      "primitives" : [
        {
          "op" : "modify_field_with_hash_based_offset",
          "parameters" : [
            {
              "type" : "field",
              "value" : ["scalars", "metadata.ecmp_hash"]
            },
            {
              "type" : "hexstr",
              "value" : "0x00"
            },
            {
              "type" : "calculation",
              "value" : "calc"
            },
            {
              "type" : "runtime_data",
              "value" : 1
            }
          ],
          "source_info" : {
            "filename" : "p4src/ecmp.p4",
            "line" : 26,
            "column" : 8,
            "source_fragment" : "hash(meta.ecmp_hash, ..."
          }
        },
        {
          "op" : "assign",
          "parameters" : [
            {
              "type" : "field",
              "value" : ["scalars", "metadata.ecmp_group_id"]
            },
            {
              "type" : "runtime_data",
              "value" : 0
            }
          ],
          "source_info" : {
            "filename" : "p4src/ecmp.p4",
            "line" : 36,
            "column" : 8,
            "source_fragment" : "meta.ecmp_group_id = ecmp_group_id"
          }
        }
      ]
    },
    {
      "name" : "MyIngress.set_nhop",
      "id" : 3,
      "runtime_data" : [
        {
          "name" : "dstAddr",
          "bitwidth" : 48
        },
        {
          "name" : "port",
          "bitwidth" : 9
        }
      ],
      "primitives" : [
        {
          "op" : "assign",
          "parameters" : [
            {
              "type" : "field",
              "value" : ["scalars", "tmp"]
            },
            {
              "type" : "expression",
              "value" : {
                "type" : "expression",
                "value" : {
                  "op" : "&",
                  "left" : {
                    "type" : "local",
                    "value" : 1
                  },
                  "right" : {
                    "type" : "hexstr",
                    "value" : "0xffffffff"
                  }
                }
              }
            }
          ],
          "source_info" : {
            "filename" : "p4src/ecmp.p4",
            "line" : 42,
            "column" : 34,
            "source_fragment" : "(bit<32>)port"
          }
        },
        {
          "op" : "register_read",
          "parameters" : [
            {
              "type" : "field",
              "value" : ["scalars", "tx_count_0"]
            },
            {
              "type" : "register_array",
              "value" : "MyIngress.tx_counter"
            },
            {
              "type" : "field",
              "value" : ["scalars", "tmp"]
            }
          ],
          "source_info" : {
            "filename" : "p4src/ecmp.p4",
            "line" : 42,
            "column" : 8,
            "source_fragment" : "tx_counter.read(tx_count, (bit<32>)port)"
          }
        },
        {
          "op" : "assign",
          "parameters" : [
            {
              "type" : "field",
              "value" : ["scalars", "tx_count_0"]
            },
            {
              "type" : "expression",
              "value" : {
                "type" : "expression",
                "value" : {
                  "op" : "&",
                  "left" : {
                    "type" : "expression",
                    "value" : {
                      "op" : "+",
                      "left" : {
                        "type" : "field",
                        "value" : ["scalars", "tx_count_0"]
                      },
                      "right" : {
                        "type" : "hexstr",
                        "value" : "0x00000001"
                      }
                    }
                  },
                  "right" : {
                    "type" : "hexstr",
                    "value" : "0xffffffff"
                  }
                }
              }
            }
          ],
          "source_info" : {
            "filename" : "p4src/ecmp.p4",
            "line" : 43,
            "column" : 8,
            "source_fragment" : "tx_count = tx_count + 1"
          }
        },
        {
          "op" : "assign",
          "parameters" : [
            {
              "type" : "field",
              "value" : ["scalars", "tmp_0"]
            },
            {
              "type" : "expression",
              "value" : {
                "type" : "expression",
                "value" : {
                  "op" : "&",
                  "left" : {
                    "type" : "local",
                    "value" : 1
                  },
                  "right" : {
                    "type" : "hexstr",
                    "value" : "0xffffffff"
                  }
                }
              }
            }
          ],
          "source_info" : {
            "filename" : "p4src/ecmp.p4",
            "line" : 44,
            "column" : 25,
            "source_fragment" : "(bit<32>)port"
          }
        },
        {
          "op" : "register_write",
          "parameters" : [
            {
              "type" : "register_array",
              "value" : "MyIngress.tx_counter"
            },
            {
              "type" : "field",
              "value" : ["scalars", "tmp_0"]
            },
            {
              "type" : "field",
              "value" : ["scalars", "tx_count_0"]
            }
          ],
          "source_info" : {
            "filename" : "p4src/ecmp.p4",
            "line" : 44,
            "column" : 8,
            "source_fragment" : "tx_counter.write((bit<32>)port, tx_count)"
          }
        },
        {
          "op" : "assign",
          "parameters" : [
            {
              "type" : "field",
              "value" : ["standard_metadata", "egress_spec"]
            },
            {
              "type" : "runtime_data",
              "value" : 1
            }
          ],
          "source_info" : {
            "filename" : "p4src/ecmp.p4",
            "line" : 46,
            "column" : 8,
            "source_fragment" : "standard_metadata.egress_spec = port"
          }
        },
        {
          "op" : "assign",
          "parameters" : [
            {
              "type" : "field",
              "value" : ["ethernet", "srcAddr"]
            },
            {
              "type" : "field",
              "value" : ["ethernet", "dstAddr"]
            }
          ],
          "source_info" : {
            "filename" : "p4src/ecmp.p4",
            "line" : 47,
            "column" : 8,
            "source_fragment" : "hdr.ethernet.srcAddr = hdr.ethernet.dstAddr"
          }
        },
        {
          "op" : "assign",
          "parameters" : [
            {
              "type" : "field",
              "value" : ["ethernet", "dstAddr"]
            },
            {
              "type" : "runtime_data",
              "value" : 0
            }
          ],
          "source_info" : {
            "filename" : "p4src/ecmp.p4",
            "line" : 48,
            "column" : 8,
            "source_fragment" : "hdr.ethernet.dstAddr = dstAddr"
          }
        },
        {
          "op" : "assign",
          "parameters" : [
            {
              "type" : "field",
              "value" : ["ipv4", "ttl"]
            },
            {
              "type" : "expression",
              "value" : {
                "type" : "expression",
                "value" : {
                  "op" : "&",
                  "left" : {
                    "type" : "expression",
                    "value" : {
                      "op" : "+",
                      "left" : {
                        "type" : "field",
                        "value" : ["ipv4", "ttl"]
                      },
                      "right" : {
                        "type" : "hexstr",
                        "value" : "0xff"
                      }
                    }
                  },
                  "right" : {
                    "type" : "hexstr",
                    "value" : "0xff"
                  }
                }
              }
            }
          ],
          "source_info" : {
            "filename" : "p4src/ecmp.p4",
            "line" : 49,
            "column" : 8,
            "source_fragment" : "hdr.ipv4.ttl = hdr.ipv4.ttl - 1"
          }
        }
      ]
    },
    {
      "name" : "MyIngress.set_nhop",
      "id" : 4,
      "runtime_data" : [
        {
          "name" : "dstAddr",
          "bitwidth" : 48
        },
        {
          "name" : "port",
          "bitwidth" : 9
        }
      ],
      "primitives" : [
        {
          "op" : "assign",
          "parameters" : [
            {
              "type" : "field",
              "value" : ["scalars", "tmp_1"]
            },
            {
              "type" : "expression",
              "value" : {
                "type" : "expression",
                "value" : {
                  "op" : "&",
                  "left" : {
                    "type" : "local",
                    "value" : 1
                  },
                  "right" : {
                    "type" : "hexstr",
                    "value" : "0xffffffff"
                  }
                }
              }
            }
          ],
          "source_info" : {
            "filename" : "p4src/ecmp.p4",
            "line" : 42,
            "column" : 34,
            "source_fragment" : "(bit<32>)port"
          }
        },
        {
          "op" : "register_read",
          "parameters" : [
            {
              "type" : "field",
              "value" : ["scalars", "tx_count_0"]
            },
            {
              "type" : "register_array",
              "value" : "MyIngress.tx_counter"
            },
            {
              "type" : "field",
              "value" : ["scalars", "tmp_1"]
            }
          ],
          "source_info" : {
            "filename" : "p4src/ecmp.p4",
            "line" : 42,
            "column" : 8,
            "source_fragment" : "tx_counter.read(tx_count, (bit<32>)port)"
          }
        },
        {
          "op" : "assign",
          "parameters" : [
            {
              "type" : "field",
              "value" : ["scalars", "tx_count_0"]
            },
            {
              "type" : "expression",
              "value" : {
                "type" : "expression",
                "value" : {
                  "op" : "&",
                  "left" : {
                    "type" : "expression",
                    "value" : {
                      "op" : "+",
                      "left" : {
                        "type" : "field",
                        "value" : ["scalars", "tx_count_0"]
                      },
                      "right" : {
                        "type" : "hexstr",
                        "value" : "0x00000001"
                      }
                    }
                  },
                  "right" : {
                    "type" : "hexstr",
                    "value" : "0xffffffff"
                  }
                }
              }
            }
          ],
          "source_info" : {
            "filename" : "p4src/ecmp.p4",
            "line" : 43,
            "column" : 8,
            "source_fragment" : "tx_count = tx_count + 1"
          }
        },
        {
          "op" : "assign",
          "parameters" : [
            {
              "type" : "field",
              "value" : ["scalars", "tmp_2"]
            },
            {
              "type" : "expression",
              "value" : {
                "type" : "expression",
                "value" : {
                  "op" : "&",
                  "left" : {
                    "type" : "local",
                    "value" : 1
                  },
                  "right" : {
                    "type" : "hexstr",
                    "value" : "0xffffffff"
                  }
                }
              }
            }
          ],
          "source_info" : {
            "filename" : "p4src/ecmp.p4",
            "line" : 44,
            "column" : 25,
            "source_fragment" : "(bit<32>)port"
          }
        },
        {
          "op" : "register_write",
          "parameters" : [
            {
              "type" : "register_array",
              "value" : "MyIngress.tx_counter"
            },
            {
              "type" : "field",
              "value" : ["scalars", "tmp_2"]
            },
            {
              "type" : "field",
              "value" : ["scalars", "tx_count_0"]
            }
          ],
          "source_info" : {
            "filename" : "p4src/ecmp.p4",
            "line" : 44,
            "column" : 8,
            "source_fragment" : "tx_counter.write((bit<32>)port, tx_count)"
          }
        },
        {
          "op" : "assign",
          "parameters" : [
            {
              "type" : "field",
              "value" : ["standard_metadata", "egress_spec"]
            },
            {
              "type" : "runtime_data",
              "value" : 1
            }
          ],
          "source_info" : {
            "filename" : "p4src/ecmp.p4",
            "line" : 46,
            "column" : 8,
            "source_fragment" : "standard_metadata.egress_spec = port"
          }
        },
        {
          "op" : "assign",
          "parameters" : [
            {
              "type" : "field",
              "value" : ["ethernet", "srcAddr"]
            },
            {
              "type" : "field",
              "value" : ["ethernet", "dstAddr"]
            }
          ],
          "source_info" : {
            "filename" : "p4src/ecmp.p4",
            "line" : 47,
            "column" : 8,
            "source_fragment" : "hdr.ethernet.srcAddr = hdr.ethernet.dstAddr"
          }
        },
        {
          "op" : "assign",
          "parameters" : [
            {
              "type" : "field",
              "value" : ["ethernet", "dstAddr"]
            },
            {
              "type" : "runtime_data",
              "value" : 0
            }
          ],
          "source_info" : {
            "filename" : "p4src/ecmp.p4",
            "line" : 48,
            "column" : 8,
            "source_fragment" : "hdr.ethernet.dstAddr = dstAddr"
          }
        },
        {
          "op" : "assign",
          "parameters" : [
            {
              "type" : "field",
              "value" : ["ipv4", "ttl"]
            },
            {
              "type" : "expression",
              "value" : {
                "type" : "expression",
                "value" : {
                  "op" : "&",
                  "left" : {
                    "type" : "expression",
                    "value" : {
                      "op" : "+",
                      "left" : {
                        "type" : "field",
                        "value" : ["ipv4", "ttl"]
                      },
                      "right" : {
                        "type" : "hexstr",
                        "value" : "0xff"
                      }
                    }
                  },
                  "right" : {
                    "type" : "hexstr",
                    "value" : "0xff"
                  }
                }
              }
            }
          ],
          "source_info" : {
            "filename" : "p4src/ecmp.p4",
            "line" : 49,
            "column" : 8,
            "source_fragment" : "hdr.ipv4.ttl = hdr.ipv4.ttl - 1"
          }
        }
      ]
    },
    {
      "name" : "ecmp82",
      "id" : 5,
      "runtime_data" : [],
      "primitives" : [
        {
          "op" : "assign",
          "parameters" : [
            {
              "type" : "field",
              "value" : ["scalars", "tmp_3"]
            },
            {
              "type" : "expression",
              "value" : {
                "type" : "expression",
                "value" : {
                  "op" : "&",
                  "left" : {
                    "type" : "field",
                    "value" : ["standard_metadata", "ingress_port"]
                  },
                  "right" : {
                    "type" : "hexstr",
                    "value" : "0xffffffff"
                  }
                }
              }
            }
          ],
          "source_info" : {
            "filename" : "p4src/ecmp.p4",
            "line" : 82,
            "column" : 38,
            "source_fragment" : "(bit<32>)standard_metadata.ingress_port"
          }
        },
        {
          "op" : "register_read",
          "parameters" : [
            {
              "type" : "field",
              "value" : ["scalars", "rx_count_0"]
            },
            {
              "type" : "register_array",
              "value" : "MyIngress.rx_counter"
            },
            {
              "type" : "field",
              "value" : ["scalars", "tmp_3"]
            }
          ],
          "source_info" : {
            "filename" : "p4src/ecmp.p4",
            "line" : 82,
            "column" : 12,
            "source_fragment" : "rx_counter.read(rx_count, (bit<32>)standard_metadata.ingress_port)"
          }
        },
        {
          "op" : "assign",
          "parameters" : [
            {
              "type" : "field",
              "value" : ["scalars", "rx_count_0"]
            },
            {
              "type" : "expression",
              "value" : {
                "type" : "expression",
                "value" : {
                  "op" : "&",
                  "left" : {
                    "type" : "expression",
                    "value" : {
                      "op" : "+",
                      "left" : {
                        "type" : "field",
                        "value" : ["scalars", "rx_count_0"]
                      },
                      "right" : {
                        "type" : "hexstr",
                        "value" : "0x00000001"
                      }
                    }
                  },
                  "right" : {
                    "type" : "hexstr",
                    "value" : "0xffffffff"
                  }
                }
              }
            }
          ],
          "source_info" : {
            "filename" : "p4src/ecmp.p4",
            "line" : 83,
            "column" : 12,
            "source_fragment" : "rx_count = rx_count + 1"
          }
        },
        {
          "op" : "assign",
          "parameters" : [
            {
              "type" : "field",
              "value" : ["scalars", "tmp_4"]
            },
            {
              "type" : "expression",
              "value" : {
                "type" : "expression",
                "value" : {
                  "op" : "&",
                  "left" : {
                    "type" : "field",
                    "value" : ["standard_metadata", "ingress_port"]
                  },
                  "right" : {
                    "type" : "hexstr",
                    "value" : "0xffffffff"
                  }
                }
              }
            }
          ],
          "source_info" : {
            "filename" : "p4src/ecmp.p4",
            "line" : 84,
            "column" : 29,
            "source_fragment" : "(bit<32>)standard_metadata.ingress_port"
          }
        },
        {
          "op" : "register_write",
          "parameters" : [
            {
              "type" : "register_array",
              "value" : "MyIngress.rx_counter"
            },
            {
              "type" : "field",
              "value" : ["scalars", "tmp_4"]
            },
            {
              "type" : "field",
              "value" : ["scalars", "rx_count_0"]
            }
          ],
          "source_info" : {
            "filename" : "p4src/ecmp.p4",
            "line" : 84,
            "column" : 12,
            "source_fragment" : "rx_counter.write((bit<32>)standard_metadata.ingress_port, rx_count)"
          }
        }
      ]
    }
  ],
  "pipelines" : [
    {
      "name" : "ingress",
      "id" : 0,
      "source_info" : {
        "filename" : "p4src/ecmp.p4",
        "line" : 13,
        "column" : 8,
        "source_fragment" : "MyIngress"
      },
      "init_table" : "node_2",
      "tables" : [
        {
          "name" : "tbl_ecmp82",
          "id" : 0,
          "source_info" : {
            "filename" : "p4src/ecmp.p4",
            "line" : 82,
            "column" : 12,
            "source_fragment" : "rx_counter.read(rx_count, (bit<32>)standard_metadata.ingress_port); ..."
          },
          "key" : [],
          "match_type" : "exact",
          "type" : "simple",
          "max_size" : 1024,
          "with_counters" : false,
          "support_timeout" : false,
          "direct_meters" : null,
          "action_ids" : [5],
          "actions" : ["ecmp82"],
          "base_default_next" : "MyIngress.ipv4_lpm",
          "next_tables" : {
            "ecmp82" : "MyIngress.ipv4_lpm"
          },
          "default_entry" : {
            "action_id" : 5,
            "action_const" : true,
            "action_data" : [],
            "action_entry_const" : true
          }
        },
        {
          "name" : "MyIngress.ipv4_lpm",
          "id" : 1,
          "source_info" : {
            "filename" : "p4src/ecmp.p4",
            "line" : 65,
            "column" : 10,
            "source_fragment" : "ipv4_lpm"
          },
          "key" : [
            {
              "match_type" : "lpm",
              "name" : "hdr.ipv4.dstAddr",
              "target" : ["ipv4", "dstAddr"],
              "mask" : null
            }
          ],
          "match_type" : "lpm",
          "type" : "simple",
          "max_size" : 1024,
          "with_counters" : false,
          "support_timeout" : false,
          "direct_meters" : null,
          "action_ids" : [4, 2, 1],
          "actions" : ["MyIngress.set_nhop", "MyIngress.ecmp_group", "MyIngress.drop"],
          "base_default_next" : null,
          "next_tables" : {
            "MyIngress.ecmp_group" : "MyIngress.ecmp_group_to_nhop",
            "MyIngress.set_nhop" : null,
            "MyIngress.drop" : null
          },
          "default_entry" : {
            "action_id" : 1,
            "action_const" : false,
            "action_data" : [],
            "action_entry_const" : false
          }
        },
        {
          "name" : "MyIngress.ecmp_group_to_nhop",
          "id" : 2,
          "source_info" : {
            "filename" : "p4src/ecmp.p4",
            "line" : 52,
            "column" : 10,
            "source_fragment" : "ecmp_group_to_nhop"
          },
          "key" : [
            {
              "match_type" : "exact",
              "name" : "meta.ecmp_group_id",
              "target" : ["scalars", "metadata.ecmp_group_id"],
              "mask" : null
            },
            {
              "match_type" : "exact",
              "name" : "meta.ecmp_hash",
              "target" : ["scalars", "metadata.ecmp_hash"],
              "mask" : null
            }
          ],
          "match_type" : "exact",
          "type" : "simple",
          "max_size" : 1024,
          "with_counters" : false,
          "support_timeout" : false,
          "direct_meters" : null,
          "action_ids" : [3, 0],
          "actions" : ["MyIngress.set_nhop", "MyIngress.drop"],
          "base_default_next" : null,
          "next_tables" : {
            "MyIngress.set_nhop" : null,
            "MyIngress.drop" : null
          },
          "default_entry" : {
            "action_id" : 0,
            "action_const" : false,
            "action_data" : [],
            "action_entry_const" : false
          }
        }
      ],
      "action_profiles" : [],
      "conditionals" : [
        {
          "name" : "node_2",
          "id" : 0,
          "source_info" : {
            "filename" : "p4src/ecmp.p4",
            "line" : 79,
            "column" : 12,
            "source_fragment" : "hdr.ipv4.isValid()"
          },
          "expression" : {
            "type" : "expression",
            "value" : {
              "op" : "d2b",
              "left" : null,
              "right" : {
                "type" : "field",
                "value" : ["ipv4", "$valid$"]
              }
            }
          },
          "false_next" : null,
          "true_next" : "tbl_ecmp82"
        }
      ]
    },
    {
      "name" : "egress",
      "id" : 1,
      "source_info" : {
        "filename" : "p4src/ecmp.p4",
        "line" : 95,
        "column" : 8,
        "source_fragment" : "MyEgress"
      },
      "init_table" : null,
      "tables" : [],
      "action_profiles" : [],
      "conditionals" : []
    }
  ],
  "checksums" : [
    {
      "name" : "cksum",
      "id" : 0,
      "source_info" : {
        "filename" : "p4src/ecmp.p4",
        "line" : 103,
        "column" : 8,
        "source_fragment" : "update_checksum( ..."
      },
      "target" : ["ipv4", "hdrChecksum"],
      "type" : "generic",
      "calculation" : "calc_0",
      "verify" : false,
      "update" : true,
      "if_cond" : {
        "type" : "expression",
        "value" : {
          "op" : "d2b",
          "left" : null,
          "right" : {
            "type" : "field",
            "value" : ["ipv4", "$valid$"]
          }
        }
      }
    }
  ],
  "force_arith" : [],
  "extern_instances" : [],
  "field_aliases" : [
    [
      "queueing_metadata.enq_timestamp",
      ["standard_metadata", "enq_timestamp"]
    ],
    [
      "queueing_metadata.enq_qdepth",
      ["standard_metadata", "enq_qdepth"]
    ],
    [
      "queueing_metadata.deq_timedelta",
      ["standard_metadata", "deq_timedelta"]
    ],
    [
      "queueing_metadata.deq_qdepth",
      ["standard_metadata", "deq_qdepth"]
    ],
    [
      "intrinsic_metadata.ingress_global_timestamp",
      ["standard_metadata", "ingress_global_timestamp"]
    ],
    [
      "intrinsic_metadata.egress_global_timestamp",
      ["standard_metadata", "egress_global_timestamp"]
    ],
    [
      "intrinsic_metadata.mcast_grp",
      ["standard_metadata", "mcast_grp"]
    ],
    [
      "intrinsic_metadata.egress_rid",
      ["standard_metadata", "egress_rid"]
    ],
    [
      "intrinsic_metadata.priority",
      ["standard_metadata", "priority"]
    ]
  ],
  "program" : "/home/p4/p4-tools/ACN-CS5060/p4-learning/exercises/05-ECMP/p4src/ecmp.p4i",
  "__meta__" : {
    "version" : [2, 18],
    "compiler" : "https://github.com/p4lang/p4c"
  }
}